<ImportExportXml xmlns:xsi="http://www.w3.org/2001/XMLSchema-instance">
  <Entities></Entities>
  <Roles></Roles>
  <Workflows></Workflows>
  <FieldSecurityProfiles></FieldSecurityProfiles>
  <Templates />
  <EntityMaps />
  <EntityRelationships />
  <OrganizationSettings />
  <optionsets />
  <CustomControls />
  <EntityDataProviders />
  <CanvasApps>
    <CanvasApp>
      <Name>lrdb_myhomeworkandrevision_936c6</Name>
      <AppVersion>2023-07-06T17:35:06Z</AppVersion>
      <Status>Ready</Status>
      <CreatedByClientVersion>3.23063.15.0</CreatedByClientVersion>
      <MinClientVersion>3.23063.15.0</MinClientVersion>
      <Tags>{"primaryDeviceWidth":"1366","primaryDeviceHeight":"768","supportsPortrait":"true","supportsLandscape":"true","primaryFormFactor":"Tablet","publisherVersion":"3.23063.15","minimumRequiredApiVersion":"2.2.0","hasComponent":"false","hasUnlockedComponent":"false","isUnifiedRootApp":"false","sienaVersion":"20230706T172510Z-3.23063.15.0"}</Tags>
      <IsCdsUpgraded>0</IsCdsUpgraded>
      <GalleryItemId xsi:nil="true"></GalleryItemId>
      <BackgroundColor>RGBA(0,176,240,1)</BackgroundColor>
      <DisplayName>My Homework and Revision</DisplayName>
      <Description xsi:nil="true"></Description>
      <CommitMessage xsi:nil="true"></CommitMessage>
      <Publisher xsi:nil="true"></Publisher>
      <AuthorizationReferences>[]</AuthorizationReferences>
      <ConnectionReferences>{"9a50b477-496f-42bc-b691-94bb26211bc2":{"id":"/providers/microsoft.powerapps/apis/shared_lrdb-5fmy-20assignments-5fcc2c57bbdd53c933","displayName":"My Assignments","iconUri":"https://az787822.vo.msecnd.net/defaulticons/api-dedicated.png","dataSources":["My Assignments"],"dependencies":[],"dependents":[],"parameterHints":{},"parameterHintsV2":{},"isOnPremiseConnection":false,"bypassConsent":false,"dataSets":{},"apiTier":"Standard","actions":["get-my-assignments"],"customApiLogicalName":"lrdb_5Fmy-20assignments","isCustomApiSolutionAware":true},"25441efb-f9a4-4e05-bc3b-5cac2a46473d":{"id":"/providers/microsoft.powerapps/apis/shared_office365","displayName":"Office 365 Outlook","iconUri":"https://connectoricons-prod.azureedge.net/u/laborbol/partial-builds/390724148/1.0.1641.3327/office365/icon.png","dataSources":["Office365Outlook"],"dependencies":[],"dependents":[],"parameterHints":{},"parameterHintsV2":{},"isOnPremiseConnection":false,"bypassConsent":false,"dataSets":{},"apiTier":"Standard","actions":["CalendarPostItem","CalendarGetItems"],"isCustomApiSolutionAware":false},"48bfb835-6131-464e-95e2-b744b56d3f21":{"id":"/providers/microsoft.powerapps/apis/shared_openaiip","displayName":"OpenAI (Independent Publisher)","iconUri":"https://connectoricons-prod.azureedge.net/releases/v1.0.1637/1.0.1637.3300/openaiip/icon.png","dataSources":["OpenAI(IndependentPublisher)"],"dependencies":[],"dependents":[],"parameterHints":{},"parameterHintsV2":{},"isOnPremiseConnection":false,"bypassConsent":false,"dataSets":{},"apiTier":"Premium","actions":["CompletionV2"],"isCustomApiSolutionAware":false}}</ConnectionReferences>
      <DatabaseReferences>{"default.cds":{"databaseDetails":{"referenceType":"Environmental","environmentName":"default.cds","overrideValues":{"status":"NotSpecified"}},"dataSources":{},"components":[{"componentName":"CustomControl","identifier":"cat_PowerCAT.FluentDetailsList","identifierType":"LogicalName","capabilities":{"pcfExternalServiceUsageAllowed":false}},{"componentName":"CustomControl","identifier":"cat_PowerCAT.FluentDetailsList","identifierType":"LogicalName","capabilities":{"pcfExternalServiceUsageAllowed":false}},{"componentName":"CustomControl","identifier":"cat_PowerCAT.FluentDetailsList","identifierType":"LogicalName","capabilities":{"pcfExternalServiceUsageAllowed":false}}]}}</DatabaseReferences>
      <AppComponents>[]</AppComponents>
      <AppComponentDependencies>[]</AppComponentDependencies>
      <CanConsumeAppPass>1</CanConsumeAppPass>
      <CanvasAppType>0</CanvasAppType>
      <BypassConsent>0</BypassConsent>
      <AdminControlBypassConsent>0</AdminControlBypassConsent>
      <EmbeddedApp xsi:nil="true"></EmbeddedApp>
      <IntroducedVersion>1.0</IntroducedVersion>
      <CdsDependencies>{"cdsdependencies":[{"logicalname":"lrdb_5Fmy-20assignments","componenttype":372,"componenttypeplatformname":"connector"},{"dependencyid":"","logicalname":"cat_PowerCAT.FluentDetailsList","componenttype":66,"componenttypeplatformname":"CustomControl"},{"dependencyid":"","logicalname":"cat_PowerCAT.FluentDetailsList","componenttype":66,"componenttypeplatformname":"CustomControl"},{"dependencyid":"","logicalname":"cat_PowerCAT.FluentDetailsList","componenttype":66,"componenttypeplatformname":"CustomControl"}]}</CdsDependencies>
      <IsCustomizable>1</IsCustomizable>
      <BackgroundImageUri>/CanvasApps/lrdb_myhomeworkandrevision_936c6_BackgroundImageUri</BackgroundImageUri>
      <DocumentUri>/CanvasApps/lrdb_myhomeworkandrevision_936c6_DocumentUri.msapp</DocumentUri>
    </CanvasApp>
  </CanvasApps>
  <Connectors>
    <Connector>
      <connectorid>1023d8c5-7b21-4630-9446-f4680c250024</connectorid>
      <description></description>
      <displayname>My Assignments</displayname>
      <iconbrandcolor>#007ee5</iconbrandcolor>
      <name>lrdb_5Fmy-20assignments</name>
      <connectortype>1</connectortype>
      <openapidefinition>/Connector/lrdb_5Fmy-20assignments_openapidefinition.json</openapidefinition>
      <connectionparameters>/Connector/lrdb_5Fmy-20assignments_connectionparameters.json</connectionparameters>
      <policytemplateinstances>/Connector/lrdb_5Fmy-20assignments_policytemplateinstances.json</policytemplateinstances>
      <iconblob>/Connector/lrdb_5Fmy-20assignments_iconblob.Png</iconblob>
    </Connector>
  </Connectors>
  <Languages>
    <Language>1033</Language>
  </Languages>
</ImportExportXml>