{"token":{"type":"oAuthSetting","oAuthSettings":{"identityProvider":"aad","scopes":[],"redirectMode":"Global","customParameters":{"LoginUri":{"value":"@environmentVariables(\"lrdb_AuthorisationURL\")"},"TenantId":{"value":"@environmentVariables(\"lrdb_TenantID\")"},"ResourceUri":{"value":"@environmentVariables(\"lrdb_PresenceConnectorResourceURL\")"},"EnableOnbehalfOfLogin":{"value":false}},"clientId":"@environmentVariables(\"lrdb_PresenceConnectorClientID\")","clientSecret":"@environmentVariables(\"lrdb_PresenceConnectorSecret\")"},"uiDefinition":null}}