{"swagger":"2.0","info":{"title":"Default title","description":"This connector allows you to retrieve presence information for users in Azure Active Directory by interacting with the Microsoft Graph API. This requires configuring authentication options using an app registration in AAD using the referenced environment variables in this connector.","version":"1.0"},"host":"@environmentVariables(\"lrdb_PresenceConnectorHost\")","basePath":"/","schemes":["https"],"consumes":[],"produces":[],"paths":{"/beta/users/{User}/presence":{"get":{"responses":{"default":{"description":"default","schema":{"type":"object","properties":{"availability":{"type":"string","description":"availability"},"activity":{"type":"string","description":"activity"},"statusMessage":{"type":"string","description":"statusMessage"},"outOfOfficeSettings":{"type":"object","properties":{"message":{"type":"string","description":"message"},"isOutOfOffice":{"type":"boolean","description":"isOutOfOffice"}},"description":"outOfOfficeSettings"}}}}},"summary":"Get presence details for a specified user","description":"Get a users presence by specifying their object ID from Azure Active Directory.","operationId":"get-presence","parameters":[{"name":"User","in":"path","required":true,"type":"string"}]}}},"definitions":{},"parameters":{},"responses":{},"securityDefinitions":{"oauth2-auth":{"type":"oauth2","flow":"accessCode","authorizationUrl":"https://login.microsoftonline.com/common/oauth2/authorize","tokenUrl":"https://login.windows.net/common/oauth2/authorize","scopes":{}}},"security":[{"oauth2-auth":[]}],"tags":[]}