{
  "properties": {
    "connectionReferences": {
      "shared_teams_1": {
        "runtimeSource": "invoker",
        "connection": {
          "connectionReferenceLogicalName": "lrdb_CallaClinicianMicrosoftTeams"
        },
        "api": {
          "name": "shared_teams"
        }
      }
    },
    "definition": {
      "$schema": "https://schema.management.azure.com/providers/Microsoft.Logic/schemas/2016-06-01/workflowdefinition.json#",
      "contentVersion": "1.0.0.0",
      "parameters": {
        "$connections": {
          "defaultValue": {},
          "type": "Object"
        },
        "$authentication": {
          "defaultValue": {},
          "type": "SecureObject"
        }
      },
      "triggers": {
        "manual": {
          "metadata": {
            "operationMetadataId": "23dc8ad3-0e18-49a9-a008-96bfe130a5f3"
          },
          "type": "Request",
          "kind": "PowerAppV2",
          "inputs": {
            "schema": {
              "type": "object",
              "properties": {
                "text": {
                  "title": "Email",
                  "type": "string",
                  "x-ms-dynamically-added": true,
                  "description": "Please enter your input",
                  "x-ms-content-hint": "TEXT"
                },
                "text_1": {
                  "title": "Skill",
                  "type": "string",
                  "x-ms-dynamically-added": true,
                  "description": "Please enter your input",
                  "x-ms-content-hint": "TEXT"
                },
                "text_2": {
                  "title": "Location",
                  "type": "string",
                  "x-ms-dynamically-added": true,
                  "description": "Please enter your input",
                  "x-ms-content-hint": "TEXT"
                }
              },
              "required": [
                "text",
                "text_1",
                "text_2"
              ]
            }
          }
        }
      },
      "actions": {
        "Post_message_in_a_chat_or_channel": {
          "runAfter": {},
          "metadata": {
            "operationMetadataId": "3f7faf88-41c8-4a40-9a41-f52cc7d81d94"
          },
          "type": "OpenApiConnection",
          "inputs": {
            "host": {
              "connectionName": "shared_teams_1",
              "operationId": "PostMessageToConversation",
              "apiId": "/providers/Microsoft.PowerApps/apis/shared_teams"
            },
            "parameters": {
              "poster": "Flow bot",
              "location": "Chat with Flow bot",
              "body/recipient": "@{triggerBody()['text']};",
              "body/messageBody": "<p><span style=\"font-size: 24px\"><strong>Clinician Needed<br>\n</strong></span><span style=\"font-size: 14px\">Hello, <br>\n<br>\nA clinician is needed with the following skill at the following hospital location. You have been identified as currently being available. Please attend this location to support with the issue.<br>\n<br>\nSkill needed: </span><span style=\"font-size: 14px\">@{triggerBody()['text_1']}</span><span style=\"font-size: 14px\"><br>\n<br>\nLocation: </span><span style=\"font-size: 14px\">@{triggerBody()['text_2']}</span><span style=\"font-size: 14px\"></span></p>"
            },
            "authentication": "@parameters('$authentication')"
          }
        }
      }
    },
    "templateName": ""
  },
  "schemaVersion": "1.0.0.0"
}