<environmentvariabledefinition schemaname="lrdb_PresenceConnectorResourceURL">
  <defaultvalue>https://graph.microsoft.com</defaultvalue>
  <displayname default="Presence Connector Resource URL">
    <label description="Presence Connector Resource URL" languagecode="1033" />
  </displayname>
  <introducedversion>1.0.0.0</introducedversion>
  <iscustomizable>1</iscustomizable>
  <isrequired>0</isrequired>
  <secretstore>0</secretstore>
  <type>100000000</type>
</environmentvariabledefinition>