{"token":{"type":"oAuthSetting","oAuthSettings":{"identityProvider":"aad","scopes":[],"redirectMode":"Global","customParameters":{"LoginUri":{"value":"@environmentVariables(\"lrdb_AssignmentsAuthorisationURL\")"},"TenantId":{"value":"@environmentVariables(\"lrdb_TenantID\")"},"ResourceUri":{"value":"@environmentVariables(\"lrdb_AssignmentsResourceURL\")"},"EnableOnbehalfOfLogin":{"value":false}},"clientId":"@environmentVariables(\"lrdb_AssignmentsClientID\")","clientSecret":"@environmentVariables(\"lrdb_AssignmentsConnectorSecret\")"},"uiDefinition":null}}