{"swagger":"2.0","info":{"title":"Default title","description":"","version":"1.0"},"host":"@environmentVariables(\"lrdb_AssignmentsHost\")","basePath":"/","schemes":["https"],"consumes":[],"produces":[],"paths":{"/v1.0/education/me/assignments":{"get":{"responses":{"default":{"description":"default","schema":{"type":"object","properties":{"@odata.context":{"type":"string","description":"@odata.context"},"value":{"type":"array","items":{"type":"object","properties":{"classId":{"type":"string","description":"classId"},"displayName":{"type":"string","description":"displayName"},"closeDateTime":{"type":"string","description":"closeDateTime"},"dueDateTime":{"type":"string","description":"dueDateTime"},"assignDateTime":{"type":"string","description":"assignDateTime"},"assignedDateTime":{"type":"string","description":"assignedDateTime"},"allowLateSubmissions":{"type":"boolean","description":"allowLateSubmissions"},"resourcesFolderUrl":{"type":"string","description":"resourcesFolderUrl"},"feedbackResourcesFolderUrl":{"type":"string","description":"feedbackResourcesFolderUrl"},"createdDateTime":{"type":"string","description":"createdDateTime"},"lastModifiedDateTime":{"type":"string","description":"lastModifiedDateTime"},"allowStudentsToAddResourcesToSubmission":{"type":"boolean","description":"allowStudentsToAddResourcesToSubmission"},"status":{"type":"string","description":"status"},"notificationChannelUrl":{"type":"string","description":"notificationChannelUrl"},"webUrl":{"type":"string","description":"webUrl"},"addToCalendarAction":{"type":"string","description":"addToCalendarAction"},"addedStudentAction":{"type":"string","description":"addedStudentAction"},"id":{"type":"string","description":"id"},"instructions":{"type":"string","description":"instructions"},"assignTo":{"type":"string","description":"assignTo"},"grading":{"type":"object","properties":{"@odata.type":{"type":"string","description":"@odata.type"},"maxPoints":{"type":"integer","format":"int32","description":"maxPoints"}},"description":"grading"},"createdBy":{"type":"object","properties":{"application":{"type":"string","description":"application"},"device":{"type":"string","description":"device"},"user":{"type":"object","properties":{"id":{"type":"string","description":"id"},"displayName":{"type":"string","description":"displayName"}},"description":"user"}},"description":"createdBy"},"lastModifiedBy":{"type":"object","properties":{"application":{"type":"string","description":"application"},"device":{"type":"string","description":"device"},"user":{"type":"object","properties":{"id":{"type":"string","description":"id"},"displayName":{"type":"string","description":"displayName"}},"description":"user"}},"description":"lastModifiedBy"}}},"description":"value"}}}}},"summary":"Get My Assignments","operationId":"get-my-assignments","parameters":[]}}},"definitions":{},"parameters":{},"responses":{},"securityDefinitions":{"oauth2-auth":{"type":"oauth2","flow":"accessCode","authorizationUrl":"https://login.microsoftonline.com/common/oauth2/authorize","tokenUrl":"https://login.windows.net/common/oauth2/authorize","scopes":{}}},"security":[{"oauth2-auth":[]}],"tags":[]}